sheet	line	bytes	tag	reason
app/admin.css	1	2094	WHY	admin bundle and cascade whys kept; split date and bundle sizes are history
app/app.css	3	1417	WHY	CSP and cache whys kept; self-hosting history and weight census moved; restored after Grok review 89352d6
app/app.css	23	985	NUMBER	CLS figures are a dated measurement with no gate; the why stays
app/app.css	49	465	HISTORY	ruling date and the declined subsetting; its why is carried by the two blocks above
app/app.css	67	1463	NUMBER	metric table is a dated measurement; the declarations own the shipped values; restored after Grok review 89352d6
app/app.css	102	843	WHY	serif scope, namespacing and swap whys kept
app/app.css	126	1828	NUMBER	metric table and CLS arms are a dated measurement; the Georgia-bold trap stays
app/app.css	163	434	WHY	the at-rule trap kept; Tailwind history moved
app/app.css	170	1576	WHY	one-owner and order whys kept; the old-to-new remap table is history
app/app.css	194	17	WHY	sync annotation read by build-inputs.mjs; kept
app/app.css	195	17	WHY	sync annotation read by build-inputs.mjs; kept
app/app.css	196	17	WHY	sync annotation read by build-inputs.mjs; kept
app/app.css	197	17	WHY	sync annotation read by build-inputs.mjs; kept
app/app.css	198	17	WHY	sync annotation read by build-inputs.mjs; kept
app/app.css	199	17	WHY	sync annotation read by build-inputs.mjs; kept
app/app.css	200	17	WHY	sync annotation read by build-inputs.mjs; kept
app/app.css	201	17	WHY	sync annotation read by build-inputs.mjs; kept
app/app.css	202	17	WHY	sync annotation read by build-inputs.mjs; kept
app/app.css	203	17	WHY	sync annotation read by build-inputs.mjs; kept
app/app.css	204	17	WHY	sync annotation read by build-inputs.mjs; kept
app/app.css	205	17	WHY	sync annotation read by build-inputs.mjs; kept
app/app.css	206	17	WHY	sync annotation read by build-inputs.mjs; kept
app/app.css	207	17	WHY	sync annotation read by build-inputs.mjs; kept
app/app.css	210	666	WHY	ruling 96 z-index trap kept; the handoff's rejected numbering is history
app/app.css	223	233	WHY	at most three lines; kept as written
app/app.css	228	170	WHY	at most three lines; kept as written
app/app.css	232	287	WHY	trimmed to three lines
app/app.css	239	246	WHY	one owner and gate reason kept; 'agreed by chance' is history
app/app.css	246	1418	WHY	the shorthand ban and the weight and optical-size whys kept (Grok's restored points); restored after Grok review 89352d6
app/app.css	268	189	WHY	at most three lines; kept as written
app/app.css	283	140	WHY	at most three lines; kept as written
app/app.css	291	207	WHY	at most three lines; kept as written
app/app.css	299	122	WHY	at most three lines; kept as written
app/app.css	307	210	WHY	at most three lines; kept as written
app/app.css	316	103	WHY	at most three lines; kept as written
app/app.css	324	70	WHY	at most three lines; kept as written
app/app.css	331	253	WHY	trimmed to three lines
app/app.css	339	509	WHY	reader list and no-reader refusal kept; step 2 and step 6b history moved
app/app.css	349	144	WHY	at most three lines; kept as written
app/app.css	359	328	WHY	one-breakpoint rule kept
app/app.css	371	606	WHY	gate reason kept; handoff history moved
app/app.css	381	131	WHY	at most three lines; kept as written
app/app.css	393	143	WHY	at most three lines; kept as written
app/app.css	397	364	WHY	hit target and AA floor distinction kept
app/app.css	409	119	WHY	at most three lines; kept as written
app/app.css	426	398	WHY	naming and easing rules kept
app/app.css	433	255	WHY	trimmed to three lines
app/app.css	438	155	WHY	at most three lines; kept as written
app/app.css	441	360	WHY	fade window and the not-the-reveal rule kept
app/app.css	448	115	WHY	at most three lines; kept as written
app/app.css	457	1334	WHY	copy-not-derive, role naming, resolution order and parity kept; ratification date moved
app/app.css	487	160	WHY	at most three lines; kept as written
app/app.css	491	652	WHY	exemption and cue rules kept; ratios are check:contrast's; the deleted token is history
app/app.css	506	62	WHY	at most three lines; kept as written
app/app.css	517	796	WHY	chrome measuring rule and logo binding kept; ratios are check:contrast's; provisional review history moved
app/app.css	535	829	WHY	opaque-scrim reason kept; glass floor figures moved
app/app.css	572	200	WHY	decorative-only rule kept; deleted variants are history
app/app.css	577	774	WHY	reversible-versus-irreversible distinction kept; mockup ratios are check:contrast's
app/app.css	592	45	WHY	at most three lines; kept as written
app/app.css	595	263	WHY	trimmed to three lines
app/app.css	606	200	WHY	role-name reason kept; the build-number state claim removed
app/app.css	609	50	WHY	at most three lines; kept as written
app/app.css	611	58	WHY	at most three lines; kept as written
app/app.css	613	42	WHY	at most three lines; kept as written
app/app.css	615	71	WHY	at most three lines; kept as written
app/app.css	618	94	WHY	at most three lines; kept as written
app/app.css	620	75	WHY	at most three lines; kept as written
app/app.css	622	51	WHY	at most three lines; kept as written
app/app.css	624	50	WHY	at most three lines; kept as written
app/app.css	627	56	WHY	at most three lines; kept as written
app/app.css	641	162	WHY	at most three lines; kept as written
app/app.css	644	43	WHY	at most three lines; kept as written
app/app.css	652	56	WHY	at most three lines; kept as written
app/app.css	658	46	WHY	at most three lines; kept as written
app/app.css	661	34	WHY	at most three lines; kept as written
app/app.css	670	268	WHY	trimmed to three lines
app/app.css	674	39	WHY	at most three lines; kept as written
app/app.css	676	35	WHY	at most three lines; kept as written
app/app.css	678	37	WHY	at most three lines; kept as written
app/app.css	680	35	WHY	at most three lines; kept as written
app/app.css	682	39	WHY	at most three lines; kept as written
app/app.css	685	467	WHY	one-token reason kept; bar removal and ruling 6 history moved
app/app.css	692	39	WHY	at most three lines; kept as written
app/app.css	696	146	WHY	at most three lines; kept as written
app/app.css	702	66	WHY	at most three lines; kept as written
app/app.css	707	154	WHY	at most three lines; kept as written
app/app.css	727	415	WHY	no-new-surface and ring rule kept; ratios are check:contrast's
app/app.css	739	56	WHY	pointer; its line number was stale, so it now names the block instead
app/app.css	767	205	WHY	mirror reason kept; ratio figures are check:contrast's
app/app.css	782	68	WHY	pointer; its line number was stale, so it now names the block instead
app/app.css	783	39	WHY	pointer; its line number was stale, so it now names the block instead
app/app.css	785	39	WHY	pointer; its line number was stale, so it now names the block instead
app/app.css	787	39	WHY	pointer; its line number was stale, so it now names the block instead
app/app.css	789	39	WHY	pointer; its line number was stale, so it now names the block instead
app/app.css	792	39	WHY	pointer; its line number was stale, so it now names the block instead
app/app.css	794	39	WHY	pointer; its line number was stale, so it now names the block instead
app/app.css	796	39	WHY	pointer; its line number was stale, so it now names the block instead
app/app.css	798	39	WHY	pointer; its line number was stale, so it now names the block instead
app/app.css	801	39	WHY	pointer; its line number was stale, so it now names the block instead
app/app.css	815	65	WHY	pointer; its line number was stale, so it now names the block instead
app/app.css	816	39	WHY	pointer; its line number was stale, so it now names the block instead
app/app.css	824	39	WHY	pointer; its line number was stale, so it now names the block instead
app/app.css	830	39	WHY	pointer; its line number was stale, so it now names the block instead
app/app.css	833	39	WHY	pointer; its line number was stale, so it now names the block instead
app/app.css	842	63	WHY	pointer; its line number was stale, so it now names the block instead
app/app.css	843	39	WHY	pointer; its line number was stale, so it now names the block instead
app/app.css	845	39	WHY	pointer; its line number was stale, so it now names the block instead
app/app.css	847	39	WHY	pointer; its line number was stale, so it now names the block instead
app/app.css	849	39	WHY	pointer; its line number was stale, so it now names the block instead
app/app.css	851	39	WHY	pointer; its line number was stale, so it now names the block instead
app/app.css	854	65	WHY	pointer; its line number was stale, so it now names the block instead
app/app.css	855	39	WHY	pointer; its line number was stale, so it now names the block instead
app/app.css	860	254	WHY	trimmed to three lines
app/app.css	881	142	WHY	at most three lines; kept as written
app/app.css	891	50	WHY	pointer; its line number was stale, so it now names the block instead
app/app.css	898	39	WHY	pointer; its line number was stale, so it now names the block instead
app/app.css	926	189	WHY	at most three lines; kept as written
app/app.css	941	39	WHY	pointer; its line number was stale, so it now names the block instead
app/app.css	942	39	WHY	pointer; its line number was stale, so it now names the block instead
app/app.css	944	39	WHY	pointer; its line number was stale, so it now names the block instead
app/app.css	946	39	WHY	pointer; its line number was stale, so it now names the block instead
app/app.css	948	39	WHY	pointer; its line number was stale, so it now names the block instead
app/app.css	951	39	WHY	pointer; its line number was stale, so it now names the block instead
app/app.css	953	39	WHY	pointer; its line number was stale, so it now names the block instead
app/app.css	955	39	WHY	pointer; its line number was stale, so it now names the block instead
app/app.css	957	39	WHY	pointer; its line number was stale, so it now names the block instead
app/app.css	960	39	WHY	pointer; its line number was stale, so it now names the block instead
app/app.css	974	39	WHY	pointer; its line number was stale, so it now names the block instead
app/app.css	975	39	WHY	pointer; its line number was stale, so it now names the block instead
app/app.css	983	39	WHY	pointer; its line number was stale, so it now names the block instead
app/app.css	989	39	WHY	pointer; its line number was stale, so it now names the block instead
app/app.css	992	39	WHY	pointer; its line number was stale, so it now names the block instead
app/app.css	1001	39	WHY	pointer; its line number was stale, so it now names the block instead
app/app.css	1002	39	WHY	pointer; its line number was stale, so it now names the block instead
app/app.css	1004	39	WHY	pointer; its line number was stale, so it now names the block instead
app/app.css	1006	39	WHY	pointer; its line number was stale, so it now names the block instead
app/app.css	1008	39	WHY	pointer; its line number was stale, so it now names the block instead
app/app.css	1010	39	WHY	pointer; its line number was stale, so it now names the block instead
app/app.css	1013	39	WHY	pointer; its line number was stale, so it now names the block instead
app/app.css	1014	39	WHY	pointer; its line number was stale, so it now names the block instead
app/app.css	1018	1220	WHY	placement, gate-order and @property whys kept
app/app.css	1043	192	WHY	at most three lines; kept as written
app/app.css	1053	310	WHY	trimmed
app/app.css	1069	258	WHY	trimmed to three lines
app/app.css	1081	575	WHY	narrow-tier and literal-hex rules kept
app/app.css	1109	576	WHY	trimmed
app/app.css	1119	641	WHY	trimmed
app/app.css	1147	258	WHY	promotion date moved
app/app.css	1156	186	WHY	at most three lines; kept as written
app/app.css	1163	127	WHY	at most three lines; kept as written
app/app.css	1169	275	WHY	trimmed to three lines
app/app.css	1178	406	WHY	trimmed
app/app.css	1196	142	WHY	at most three lines; kept as written
app/app.css	1202	139	WHY	at most three lines; kept as written
app/app.css	1220	737	WHY	placement whys kept; amendment date and old value moved
app/app.css	1242	762	WHY	CVD grounds, exemption and specificity kept; decision date moved
app/app.css	1254	282	WHY	trimmed to three lines
app/app.css	1281	83	WHY	at most three lines; kept as written
app/app.css	1311	230	WHY	at most three lines; kept as written
app/app.css	1320	805	WHY	placement trade and one-card-owner kept; byte sizes moved
app/app.css	1342	199	WHY	at most three lines; kept as written
app/app.css	1362	238	WHY	trimmed to three lines
app/app.css	1379	246	WHY	a count in an example is a number that rots; trimmed
app/app.css	1478	870	WHY	outline rule, inset ring and danger exclusion kept; ring ratios are measurements
app/app.css	1501	594	WHY	trimmed
app/app.css	1514	602	WHY	cascade and token-path whys kept; split history moved
app/app.css	1523	2397	WHY	import mechanism why kept; split measurements and postcss proof moved
app/styles/admin-editor-feedback.css	1	438	WHY	cascade rule kept; split history moved
app/styles/admin-editor-feedback.css	11	687	WHY	trimmed
app/styles/admin-editor-feedback.css	52	210	WHY	at most three lines; kept as written
app/styles/admin-editor-feedback.css	82	333	WHY	trimmed to three lines
app/styles/admin-editor-feedback.css	96	216	WHY	at most three lines; kept as written
app/styles/admin-editor-feedback.css	105	668	WHY	trimmed
app/styles/admin-editor-feedback.css	141	211	WHY	at most three lines; kept as written
app/styles/admin-editor.css	1	466	WHY	cascade rule kept; split history moved
app/styles/admin-editor.css	11	521	WHY	trimmed
app/styles/admin-editor.css	35	198	WHY	at most three lines; kept as written
app/styles/admin-editor.css	38	510	WHY	trimmed; the 1280px wrap is history
app/styles/admin-editor.css	54	681	WHY	scrollport rule kept; the dated elementFromPoint finding moved
app/styles/admin-editor.css	86	310	WHY	trimmed
app/styles/admin-editor.css	102	144	WHY	at most three lines; kept as written
app/styles/admin-editor.css	162	239	WHY	at most three lines; kept as written
app/styles/admin-editor.css	190	465	WHY	trimmed
app/styles/admin-editor.css	209	420	WHY	declared-height reason kept; uploader anecdote moved
app/styles/admin-editor.css	224	136	WHY	at most three lines; kept as written
app/styles/admin-editor.css	232	146	WHY	at most three lines; kept as written
app/styles/admin-editor.css	241	123	WHY	at most three lines; kept as written
app/styles/admin-editor.css	250	410	WHY	trimmed
app/styles/admin-editor.css	267	565	WHY	trimmed
app/styles/admin-editor.css	289	208	WHY	at most three lines; kept as written
app/styles/admin-editor.css	389	153	WHY	at most three lines; kept as written
app/styles/admin-editor.css	395	231	WHY	trimmed to two lines
app/styles/admin-editor.css	414	229	WHY	at most three lines; kept as written
app/styles/admin-editor.css	425	214	WHY	at most three lines; kept as written
app/styles/admin-editor.css	447	138	WHY	at most three lines; kept as written
app/styles/admin-editor.css	449	404	WHY	prohibition kept; the 20rem history moved
app/styles/admin-editor.css	489	133	WHY	at most three lines; kept as written
app/styles/admin-editor.css	501	79	WHY	at most three lines; kept as written
app/styles/admin-editor.css	513	222	WHY	at most three lines; kept as written
app/styles/admin-editor.css	526	71	WHY	at most three lines; kept as written
app/styles/admin-editor.css	572	141	WHY	at most three lines; kept as written
app/styles/admin-editor.css	574	222	WHY	at most three lines; kept as written
app/styles/admin-editor.css	597	283	WHY	trimmed to three lines
app/styles/admin-editor.css	616	71	WHY	at most three lines; kept as written
app/styles/admin-editor.css	629	202	WHY	at most three lines; kept as written
app/styles/admin-editor.css	680	195	WHY	at most three lines; kept as written
app/styles/admin-editor.css	693	95	WHY	at most three lines; kept as written
app/styles/admin-editor.css	726	208	WHY	at most three lines; kept as written
app/styles/admin-editor.css	734	68	WHY	at most three lines; kept as written
app/styles/admin-editor.css	793	292	WHY	trimmed to three lines
app/styles/admin-editor.css	812	253	WHY	trimmed to three lines
app/styles/admin-editor.css	820	211	WHY	at most three lines; kept as written
app/styles/admin-editor.css	829	583	WHY	dialog and border rules kept; session history moved
app/styles/admin-editor.css	857	193	WHY	at most three lines; kept as written
app/styles/admin-editor.css	924	450	WHY	trimmed
app/styles/admin-history.css	1	418	WHY	cascade rule kept; split history moved
app/styles/admin-history.css	11	81	WHY	at most three lines; kept as written
app/styles/admin-history.css	69	385	WHY	trimmed
app/styles/admin-media-later.css	1	671	WHY	reorder reason kept; split history moved
app/styles/admin-media-later.css	11	1663	WHY	placement why kept; the move and its winner measurement moved
app/styles/admin-media-later.css	37	1240	WHY	token mapping and rule 1 kept; mockup literals moved
app/styles/admin-media-later.css	64	157	WHY	at most three lines; kept as written
app/styles/admin-media-later.css	86	320	WHY	trimmed
app/styles/admin-media-later.css	98	287	WHY	trimmed
app/styles/admin-media-later.css	113	241	WHY	at most three lines; kept as written
app/styles/admin-media-later.css	116	303	WHY	trimmed
app/styles/admin-media-later.css	145	56	WHY	at most three lines; kept as written
app/styles/admin-media-later.css	160	227	WHY	at most three lines; kept as written
app/styles/admin-media-later.css	167	699	WHY	undeclared-token trap kept
app/styles/admin-media-later.css	204	393	WHY	trimmed
app/styles/admin-media-later.css	219	134	WHY	at most three lines; kept as written
app/styles/admin-media-later.css	254	334	WHY	trimmed
app/styles/admin-media-later.css	309	234	WHY	at most three lines; kept as written
app/styles/admin-media-later.css	316	81	WHY	at most three lines; kept as written
app/styles/admin-media-later.css	331	78	WHY	at most three lines; kept as written
app/styles/admin-media-later.css	344	588	WHY	trimmed; mockup literals moved
app/styles/admin-media-later.css	354	80	WHY	at most three lines; kept as written
app/styles/admin-media-later.css	359	157	WHY	at most three lines; kept as written
app/styles/admin-media-later.css	371	188	WHY	trimmed to two lines
app/styles/admin-media-later.css	402	212	WHY	at most three lines; kept as written
app/styles/admin-media-later.css	477	204	WHY	at most three lines; kept as written
app/styles/admin-media-later.css	502	64	WHY	at most three lines; kept as written
app/styles/admin-media-later.css	550	376	WHY	pointer-events and token whys kept; mockup literals and ratio moved
app/styles/admin-media-later.css	583	238	WHY	at most three lines; kept as written
app/styles/admin-media-later.css	596	242	WHY	at most three lines; kept as written
app/styles/admin-media-later.css	603	59	WHY	at most three lines; kept as written
app/styles/admin-media-later.css	612	320	WHY	refusal kept; session label moved
app/styles/admin-media-later.css	619	381	HISTORY	y positions and removed rows: a dated measurement of a fixed layout
app/styles/admin-media-later.css	634	78	WHY	at most three lines; kept as written
app/styles/admin-media-later.css	639	441	NUMBER	gap measurements vs mockup; no gate; the scoping why stays
app/styles/admin-media-later.css	668	210	WHY	at most three lines; kept as written
app/styles/admin-media-later.css	677	626	WHY	selection-is-a-mode why kept; old position and ratio moved
app/styles/admin-media-later.css	697	487	NUMBER	measured box sizes at 56 and 64rem; no gate; the prohibition stays
app/styles/admin-media-later.css	727	150	WHY	at most three lines; kept as written
app/styles/admin-media-later.css	752	142	WHY	at most three lines; kept as written
app/styles/admin-media-later.css	758	1470	WHY	families-are-Dustin's rule kept; the false first draft and CSP narrative moved
app/styles/admin-media-later.css	787	133	HISTORY	old values of a replaced rule
app/styles/admin-media-later.css	796	237	WHY	old value moved
app/styles/admin-media-later.css	807	297	NUMBER	row height arithmetic against the mockup; no gate
app/styles/admin-media-later.css	824	296	WHY	trimmed
app/styles/admin-media-later.css	834	370	WHY	trimmed
app/styles/admin-media-later.css	849	125	WHY	at most three lines; kept as written
app/styles/admin-media-later.css	864	153	WHY	at most three lines; kept as written
app/styles/admin-media-later.css	873	81	WHY	at most three lines; kept as written
app/styles/admin-media-later.css	922	157	WHY	at most three lines; kept as written
app/styles/admin-media-later.css	929	78	WHY	at most three lines; kept as written
app/styles/admin-media.css	1	500	WHY	cascade rule kept; split history moved
app/styles/admin-media.css	11	453	WHY	trimmed
app/styles/admin-media.css	18	1616	NUMBER	column table from one rendering; no gate asserts it and check:admin-ui cannot see styling
app/styles/admin-media.css	46	836	NUMBER	the 1629ms median is a dated measurement; the behaviour whys stay
app/styles/admin-media.css	62	142	WHY	at most three lines; kept as written
app/styles/admin-media.css	88	737	WHY	min() correctness and the tile-size prohibition kept; column and filename counts moved
app/styles/admin-media.css	107	140	WHY	at most three lines; kept as written
app/styles/admin-media.css	115	345	WHY	trimmed
app/styles/admin-media.css	121	483	WHY	load-bearing rule kept; the shipped-defect measurements moved
app/styles/admin-media.css	132	949	WHY	floor why and undeclared-token trap kept; row counts moved
app/styles/admin-media.css	147	310	WHY	trimmed
app/styles/admin-media.css	163	236	WHY	at most three lines; kept as written
app/styles/admin-media.css	171	457	WHY	the removed squash is history; the 3:2 reason stays
app/styles/admin-media.css	178	201	WHY	row counts moved
app/styles/admin-media.css	193	372	WHY	trimmed
app/styles/admin-media.css	218	321	WHY	the mockup ratio is a measurement; the text floor rule stays
app/styles/admin-media.css	236	313	WHY	trimmed
app/styles/admin-media.css	261	500	WHY	load-bearing rule kept; measured widths moved
app/styles/admin-media.css	277	521	WHY	trimmed
app/styles/admin-media.css	293	374	WHY	trimmed
app/styles/admin-media.css	313	218	WHY	at most three lines; kept as written
app/styles/admin-media.css	317	905	WHY	the containing-block fix kept; scroll-height measurements moved
app/styles/admin-media.css	338	452	WHY	the reset reason kept; the pixel accounting moved
app/styles/admin-media.css	350	929	WHY	square-versus-label rule kept; overflow measurements moved
app/styles/admin-media.css	394	356	WHY	trimmed
app/styles/admin-media.css	406	315	WHY	trimmed
app/styles/admin-media.css	412	1561	WHY	fixed-drawer and dvh whys kept; the failed in-flow panel's measurements moved
app/styles/admin-media.css	456	63	WHY	at most three lines; kept as written
app/styles/admin-media.css	462	305	WHY	trimmed
app/styles/admin-media.css	479	463	WHY	trimmed
app/styles/admin-media.css	496	156	WHY	at most three lines; kept as written
app/styles/admin-media.css	531	317	WHY	trimmed
app/styles/admin-media.css	540	933	WHY	the three refusal grounds kept briefly; the first attempt and mockup value moved
app/styles/admin-media.css	565	520	WHY	trimmed
app/styles/admin-media.css	578	443	WHY	trimmed
app/styles/admin-media.css	602	210	WHY	the old token name is history
app/styles/admin-media.css	637	79	WHY	at most three lines; kept as written
app/styles/admin-media.css	642	155	WHY	at most three lines; kept as written
app/styles/admin-media.css	678	202	WHY	at most three lines; kept as written
app/styles/admin-media.css	711	135	WHY	at most three lines; kept as written
app/styles/admin-media.css	761	602	WHY	border law and no-imitation rule kept
app/styles/admin-media.css	786	156	WHY	at most three lines; kept as written
app/styles/admin-media.css	802	164	WHY	at most three lines; kept as written
app/styles/admin-media.css	816	106	WHY	at most three lines; kept as written
app/styles/admin-media.css	864	221	WHY	at most three lines; kept as written
app/styles/admin-media.css	896	483	WHY	trimmed
app/styles/admin-media.css	935	428	WHY	mockup ratios moved; the fill-not-hairline rule stays
app/styles/admin-media.css	955	132	WHY	at most three lines; kept as written
app/styles/admin-media.css	966	249	WHY	trimmed
app/styles/admin-media.css	977	62	WHY	at most three lines; kept as written
app/styles/admin-media.css	999	219	WHY	session label moved
app/styles/admin-media.css	1016	136	WHY	at most three lines; kept as written
app/styles/admin-media.css	1032	221	WHY	at most three lines; kept as written
app/styles/admin-media.css	1052	221	WHY	at most three lines; kept as written
app/styles/admin-media.css	1064	676	WHY	the rebuilt-softness rule kept; the mockup's failing ratios moved
app/styles/admin-media.css	1089	135	WHY	at most three lines; kept as written
app/styles/admin-media.css	1123	233	WHY	at most three lines; kept as written
app/styles/admin-media.css	1134	145	WHY	at most three lines; kept as written
app/styles/admin-media.css	1193	201	WHY	at most three lines; kept as written
app/styles/admin-media.css	1204	634	WHY	trimmed; ratios moved
app/styles/admin-media.css	1214	737	WHY	the pair ratios are check:contrast's; row counts moved
app/styles/admin-media.css	1257	292	WHY	trimmed
app/styles/admin-media.css	1273	555	WHY	trimmed
app/styles/admin-media.css	1284	434	WHY	trimmed
app/styles/admin-media.css	1294	404	WHY	trimmed
app/styles/admin-media.css	1317	284	WHY	trimmed
app/styles/admin-media.css	1322	392	WHY	trimmed
app/styles/admin-media.css	1336	377	WHY	trimmed
app/styles/admin-media.css	1355	356	NUMBER	measured bar heights; no gate; the why stays
app/styles/admin-media.css	1361	231	WHY	at most three lines; kept as written
app/styles/admin-media.css	1368	153	WHY	at most three lines; kept as written
app/styles/admin-media.css	1394	99	WHY	at most three lines; kept as written
app/styles/admin-media.css	1401	229	WHY	at most three lines; kept as written
app/styles/admin-media.css	1423	283	WHY	trimmed
app/styles/admin-media.css	1431	467	WHY	trimmed
app/styles/admin-media.css	1438	943	WHY	one-tree and reveal rules kept; the before-state narrative moved
app/styles/admin-media.css	1469	140	WHY	at most three lines; kept as written
app/styles/admin-media.css	1475	298	WHY	trimmed
app/styles/admin-media.css	1503	155	WHY	at most three lines; kept as written
app/styles/admin-media.css	1538	140	WHY	at most three lines; kept as written
app/styles/admin-media.css	1557	157	WHY	at most three lines; kept as written
app/styles/admin-media.css	1570	146	WHY	at most three lines; kept as written
app/styles/admin-media.css	1577	252	WHY	trimmed
app/styles/admin-media.css	1588	501	WHY	no-token rule kept; the arc tally moved
app/styles/admin-media.css	1598	127	WHY	at most three lines; kept as written
app/styles/admin-media.css	1620	142	WHY	at most three lines; kept as written
app/styles/admin-media.css	1627	439	NUMBER	checkbox geometry is in the declaration; the why stays
app/styles/admin-media.css	1637	687	WHY	trimmed
app/styles/admin-media.css	1652	290	WHY	trimmed
app/styles/admin-media.css	1665	592	WHY	the separate-grids reason kept; track values are in the declaration
app/styles/admin-media.css	1685	295	WHY	the mockup ratio moved
app/styles/admin-media.css	1694	227	WHY	mockup ratios moved
app/styles/admin-media.css	1717	230	WHY	at most three lines; kept as written
app/styles/admin-media.css	1725	226	WHY	at most three lines; kept as written
app/styles/admin-media.css	1736	609	WHY	the positional-selector prohibition kept; the first-render defect moved
app/styles/admin-media.css	1761	599	WHY	the reset reason kept; the measured slab moved
app/styles/admin-media.css	1772	677	WHY	seam rule kept; the ratios are measurements
app/styles/admin-media.css	1791	192	WHY	at most three lines; kept as written
app/styles/admin-media.css	1808	217	WHY	at most three lines; kept as written
app/styles/admin-media.css	1825	63	WHY	at most three lines; kept as written
app/styles/admin-media.css	1834	456	WHY	trimmed
app/styles/admin-media.css	1857	149	WHY	at most three lines; kept as written
app/styles/admin-media.css	1880	319	WHY	trimmed to three lines
app/styles/admin-media.css	1892	491	HISTORY	records a removed rule; nothing in the sheet depends on it
app/styles/admin-media.css	1907	172	WHY	at most three lines; kept as written
app/styles/admin-media.css	1918	193	WHY	at most three lines; kept as written
app/styles/admin-media.css	1926	229	WHY	at most three lines; kept as written
app/styles/admin-media.css	1934	840	WHY	column-drop rules kept; the width arithmetic moved
app/styles/admin-media.css	1954	113	WHY	at most three lines; kept as written
app/styles/admin-media.css	1964	385	WHY	trimmed
app/styles/admin-media.css	1990	229	WHY	at most three lines; kept as written
app/styles/admin-media.css	2007	107	WHY	at most three lines; kept as written
app/styles/admin-media.css	2086	140	WHY	at most three lines; kept as written
app/styles/admin-media.css	2098	78	WHY	at most three lines; kept as written
app/styles/admin-media.css	2138	211	WHY	at most three lines; kept as written
app/styles/admin-media.css	2162	271	WHY	trimmed to three lines
app/styles/admin-posts.css	1	482	WHY	cascade rule kept; split history moved
app/styles/admin-posts.css	11	80	WHY	at most three lines; kept as written
app/styles/admin-posts.css	20	145	WHY	at most three lines; kept as written
app/styles/admin-posts.css	26	298	WHY	trimmed
app/styles/admin-posts.css	47	153	WHY	at most three lines; kept as written
app/styles/admin-posts.css	61	238	WHY	at most three lines; kept as written
app/styles/admin-posts.css	67	121	WHY	at most three lines; kept as written
app/styles/admin-posts.css	83	123	WHY	at most three lines; kept as written
app/styles/admin-posts.css	89	156	WHY	at most three lines; kept as written
app/styles/admin-posts.css	95	239	WHY	trimmed to three lines
app/styles/admin-posts.css	116	132	WHY	at most three lines; kept as written
app/styles/admin-posts.css	134	245	WHY	trimmed
app/styles/admin-posts.css	154	176	WHY	at most three lines; kept as written
app/styles/admin-posts.css	186	55	WHY	at most three lines; kept as written
app/styles/admin-posts.css	215	322	WHY	ratios are check:contrast's
app/styles/admin-posts.css	241	68	WHY	at most three lines; kept as written
app/styles/admin-posts.css	246	149	WHY	at most three lines; kept as written
app/styles/admin-posts.css	249	228	WHY	ratios are check:contrast's
app/styles/admin-posts.css	272	1447	WHY	specificity trap and the Link rule kept; the measured failure ratios moved
app/styles/admin-posts.css	305	690	WHY	the found-live date moved
app/styles/admin-posts.css	331	69	WHY	at most three lines; kept as written
app/styles/admin-posts.css	350	248	WHY	trimmed
app/styles/admin-posts.css	357	250	WHY	trimmed
app/styles/admin-posts.css	365	124	WHY	at most three lines; kept as written
app/styles/admin-posts.css	370	335	WHY	trimmed
app/styles/admin-posts.css	413	210	WHY	at most three lines; kept as written
app/styles/admin-posts.css	421	310	WHY	trimmed
app/styles/admin-posts.css	434	233	WHY	at most three lines; kept as written
app/styles/admin-posts.css	441	822	WHY	the no-sideways-scroll rule and min-width reason kept; the deployed measurement moved
app/styles/admin-posts.css	458	1209	WHY	the containing-block rule kept; the measured displacement moved
app/styles/admin-posts.css	502	106	WHY	at most three lines; kept as written
app/styles/admin-posts.css	509	543	WHY	trimmed
app/styles/admin-posts.css	520	353	WHY	ratios are check:contrast's
app/styles/admin-posts.css	530	474	WHY	trimmed
app/styles/admin-posts.css	549	329	WHY	trimmed
app/styles/admin-posts.css	561	146	WHY	at most three lines; kept as written
app/styles/admin-posts.css	570	127	WHY	at most three lines; kept as written
app/styles/admin-posts.css	581	231	WHY	at most three lines; kept as written
app/styles/admin-posts.css	604	218	WHY	at most three lines; kept as written
app/styles/admin-posts.css	626	198	WHY	at most three lines; kept as written
app/styles/admin-posts.css	640	589	WHY	trimmed
app/styles/admin-posts.css	653	293	WHY	trimmed
app/styles/admin-posts.css	668	66	WHY	at most three lines; kept as written
app/styles/admin-posts.css	678	448	WHY	trimmed
app/styles/admin-posts.css	709	128	WHY	at most three lines; kept as written
app/styles/admin-posts.css	734	160	WHY	at most three lines; kept as written
app/styles/admin-posts.css	744	220	WHY	at most three lines; kept as written
app/styles/admin-posts.css	756	278	WHY	trimmed to three lines
app/styles/admin-posts.css	769	437	WHY	trimmed
app/styles/admin-posts.css	777	80	WHY	at most three lines; kept as written
app/styles/admin-posts.css	808	134	WHY	at most three lines; kept as written
app/styles/admin-posts.css	820	147	WHY	at most three lines; kept as written
app/styles/admin-posts.css	858	80	WHY	at most three lines; kept as written
app/styles/admin-posts.css	860	233	WHY	at most three lines; kept as written
app/styles/admin-posts.css	863	460	WHY	specificity reason kept
app/styles/admin-posts.css	877	80	WHY	at most three lines; kept as written
app/styles/admin-posts.css	895	80	WHY	at most three lines; kept as written
app/styles/admin-posts.css	914	80	WHY	at most three lines; kept as written
app/styles/admin-posts.css	916	211	WHY	at most three lines; kept as written
app/styles/admin-posts.css	947	70	WHY	at most three lines; kept as written
app/styles/admin-posts.css	972	130	WHY	at most three lines; kept as written
app/styles/admin-posts.css	986	80	WHY	at most three lines; kept as written
app/styles/admin-posts.css	996	230	WHY	at most three lines; kept as written
app/styles/admin-posts.css	1004	286	WHY	trimmed
app/styles/admin-posts.css	1059	277	WHY	trimmed
app/styles/admin-posts.css	1071	80	WHY	at most three lines; kept as written
app/styles/admin-posts.css	1136	179	WHY	at most three lines; kept as written
app/styles/admin-shell.css	1	489	WHY	cascade rule kept; split history moved
app/styles/admin-shell.css	13	491	WHY	the broken-transition prohibition kept; the dated measurement moved
app/styles/admin-shell.css	21	199	WHY	trimmed
app/styles/admin-shell.css	26	637	WHY	trimmed
app/styles/admin-shell.css	36	606	NUMBER	the measured header height derivation has no gate; the load-bearing note stays
app/styles/admin-shell.css	47	388	WHY	trimmed
app/styles/admin-shell.css	54	869	WHY	derivation kept; the before-state offsets moved
app/styles/admin-shell.css	70	224	WHY	at most three lines; kept as written
app/styles/admin-shell.css	74	428	WHY	trimmed
app/styles/admin-shell.css	82	114	WHY	at most three lines; kept as written
app/styles/admin-shell.css	85	506	WHY	trimmed
app/styles/admin-shell.css	102	1163	WHY	the no-transition rule and its circularity kept; the dated measurements moved
app/styles/admin-shell.css	130	346	WHY	trimmed
app/styles/admin-shell.css	136	424	WHY	trimmed
app/styles/admin-shell.css	144	71	WHY	at most three lines; kept as written
app/styles/admin-shell.css	148	447	WHY	trimmed
app/styles/admin-shell.css	164	354	WHY	trimmed
app/styles/admin-shell.css	173	67	WHY	at most three lines; kept as written
app/styles/admin-shell.css	179	463	WHY	the border-or-alignment rule kept; the measurement moved
app/styles/admin-shell.css	190	308	WHY	trimmed
app/styles/admin-shell.css	206	784	WHY	trimmed; the mockup ratio moved
app/styles/admin-shell.css	229	145	WHY	at most three lines; kept as written
app/styles/admin-shell.css	235	454	WHY	trimmed
app/styles/admin-shell.css	246	544	WHY	trimmed
app/styles/admin-shell.css	270	590	WHY	trimmed
app/styles/admin-shell.css	286	242	WHY	trimmed
app/styles/admin-shell.css	294	1116	WHY	derivation reason kept; the amendment's before-state moved
app/styles/admin-shell.css	319	149	WHY	at most three lines; kept as written
app/styles/admin-shell.css	325	122	WHY	at most three lines; kept as written
app/styles/admin-shell.css	340	355	WHY	the override prohibition kept; measured offsets moved
app/styles/admin-shell.css	349	121	WHY	at most three lines; kept as written
app/styles/admin-shell.css	361	699	WHY	specificity trap kept; the tally moved
app/styles/admin-shell.css	377	410	WHY	the measured widths moved
app/styles/admin-shell.css	384	267	WHY	trimmed
app/styles/admin-shell.css	398	300	WHY	trimmed
app/styles/admin-shell.css	405	342	WHY	trimmed
app/styles/admin-shell.css	431	223	WHY	at most three lines; kept as written
app/styles/admin-shell.css	441	623	WHY	trimmed
app/styles/admin-shell.css	458	517	WHY	trimmed
app/styles/admin-shell.css	472	114	WHY	at most three lines; kept as written
app/styles/admin-shell.css	489	117	WHY	at most three lines; kept as written
app/styles/admin-shell.css	494	866	WHY	ladder kept; the transparent-topbar history moved
app/styles/admin-shell.css	511	108	WHY	at most three lines; kept as written
app/styles/admin-shell.css	519	291	WHY	trimmed
app/styles/admin-shell.css	524	452	WHY	trimmed
app/styles/admin-shell.css	533	1214	WHY	shadow-not-border reason kept; the per-dpr measurements moved
app/styles/admin-shell.css	555	744	WHY	grid-level min-width rule kept; the deployed measurement moved
app/styles/admin-shell.css	581	1164	WHY	the yield order kept; overflow measurements moved
app/styles/admin-shell.css	602	201	WHY	at most three lines; kept as written
app/styles/admin-shell.css	612	380	WHY	trimmed
app/styles/admin-shell.css	623	1610	WHY	fold reason and headroom rule kept; floor measurements moved; restored after Grok review 89352d6
app/styles/admin-shell.css	663	752	WHY	trimmed
app/styles/admin-shell.css	678	188	WHY	at most three lines; kept as written
app/styles/admin-shell.css	687	232	WHY	at most three lines; kept as written
app/styles/admin-shell.css	693	207	WHY	at most three lines; kept as written
app/styles/admin-shell.css	706	468	WHY	trimmed
app/styles/admin-shell.css	715	285	WHY	trimmed
app/styles/admin-shell.css	736	1329	WHY	the fix and its token derivation kept
app/styles/admin-shell.css	761	845	WHY	the plane-wide containing-block rule kept; the media-library measurement moved
app/styles/admin-shell.css	782	314	WHY	trimmed
app/styles/admin-shell.css	794	224	WHY	at most three lines; kept as written
app/styles/admin-shell.css	808	153	WHY	at most three lines; kept as written
app/styles/admin-shell.css	814	309	WHY	trimmed
app/styles/admin-shell.css	822	1184	WHY	the placement rule and its mechanism kept; the blank-page measurement moved
app/styles/admin-shell.css	857	114	WHY	at most three lines; kept as written
app/styles/admin-shell.css	885	434	WHY	trimmed
app/styles/admin-shell.css	915	72	WHY	at most three lines; kept as written
app/styles/admin-shell.css	920	1066	WHY	the chip-leaves rule and nesting reason kept; the overflow arithmetic moved
app/styles/admin-shell.css	944	22	WHY	at most three lines; kept as written
app/styles/admin-shell.css	980	122	WHY	at most three lines; kept as written
app/styles/admin-shell.css	992	301	WHY	trimmed to three lines
app/styles/admin-shell.css	1004	392	WHY	ratios are check:contrast's
app/styles/admin-shell.css	1086	337	WHY	trimmed
app/styles/admin-shell.css	1093	130	WHY	at most three lines; kept as written
app/styles/admin-shell.css	1105	76	WHY	at most three lines; kept as written
app/styles/admin-shell.css	1148	74	WHY	at most three lines; kept as written
app/styles/admin-shell.css	1167	15	WHY	at most three lines; kept as written
app/styles/admin-shell.css	1195	222	WHY	at most three lines; kept as written
app/styles/admin-shell.css	1230	1424	WHY	no-new-pair, prefers-contrast and focus rules kept; the redesign date moved
app/styles/admin-shell.css	1256	304	WHY	trimmed
app/styles/admin-shell.css	1264	294	WHY	trimmed
app/styles/admin-shell.css	1276	126	WHY	at most three lines; kept as written
app/styles/admin-shell.css	1288	105	WHY	at most three lines; kept as written
app/styles/admin-shell.css	1293	383	WHY	specificity trap kept
app/styles/admin-shell.css	1309	341	WHY	trimmed
app/styles/admin-shell.css	1329	212	WHY	at most three lines; kept as written
app/styles/admin-shell.css	1336	217	WHY	at most three lines; kept as written
app/styles/admin-shell.css	1361	216	WHY	at most three lines; kept as written
app/styles/admin-shell.css	1372	75	WHY	at most three lines; kept as written
app/styles/admin-shell.css	1378	424	WHY	trimmed
app/styles/admin-shell.css	1399	172	WHY	at most three lines; kept as written
app/styles/admin-shell.css	1410	211	WHY	at most three lines; kept as written
app/styles/admin-shell.css	1426	416	WHY	the ordering constraint kept
app/styles/admin-shell.css	1441	51	WHY	at most three lines; kept as written
app/styles/admin-shell.css	1446	487	WHY	trimmed
app/styles/admin-shell.css	1474	201	WHY	at most three lines; kept as written
app/styles/admin-shell.css	1482	124	WHY	at most three lines; kept as written
app/styles/admin-shell.css	1500	1094	WHY	the stacking reason kept; the dated measurement moved
app/styles/admin-shell.css	1532	125	WHY	at most three lines; kept as written
app/styles/admin-shell.css	1544	373	WHY	trimmed
app/styles/admin-shell.css	1555	224	WHY	trimmed
app/styles/admin-shell.css	1565	522	WHY	trimmed
app/styles/admin-shell.css	1585	157	WHY	at most three lines; kept as written
app/styles/admin-shell.css	1594	79	WHY	at most three lines; kept as written
app/styles/admin-shell.css	1596	434	WHY	trimmed
app/styles/admin-shell.css	1653	79	WHY	at most three lines; kept as written
app/styles/admin-shell.css	1700	136	WHY	at most three lines; kept as written
app/styles/admin-shell.css	1713	79	WHY	at most three lines; kept as written
app/styles/admin-shell.css	1733	235	WHY	at most three lines; kept as written
app/styles/admin-shell.css	1798	200	WHY	at most three lines; kept as written
app/styles/ask.css	14	54	WHY	at most three lines; kept as written
app/styles/ask.css	26	110	WHY	at most three lines; kept as written
app/styles/blog-index.css	18	80	WHY	at most three lines; kept as written
app/styles/blog-index.css	31	39	WHY	at most three lines; kept as written
app/styles/blog-index.css	52	535	WHY	the no-opacity rule kept; the old declaration moved
app/styles/blog-index.css	126	563	WHY	measured sizes moved; the method and exception scope kept
app/styles/blog-search.css	1	63	WHY	stale line pointer (app.css:1885 does not exist) replaced by the rule itself
app/styles/blog-search.css	3	133	WHY	at most three lines; kept as written
app/styles/blog-search.css	6	502	WHY	the mirror admission kept; measurements moved
app/styles/blog-search.css	41	27	WHY	at most three lines; kept as written
app/styles/chrome-nav.css	1	63	WHY	stale line pointer (app.css:1885 does not exist) replaced by the rule itself
app/styles/chrome-nav.css	3	207	WHY	at most three lines; kept as written
app/styles/chrome-nav.css	7	339	WHY	trimmed
app/styles/chrome-nav.css	16	181	WHY	at most three lines; kept as written
app/styles/chrome-nav.css	25	497	WHY	specificity and no-visited rules kept; the proof note moved
app/styles/chrome-nav.css	37	255	WHY	trimmed
app/styles/chrome-nav.css	52	448	WHY	the unmeasured-pair rule kept; the pressed-state date moved
app/styles/chrome-nav.css	76	923	WHY	the one-visible-button mechanism and specificity kept; the order history moved
app/styles/chrome-nav.css	94	146	WHY	at most three lines; kept as written
app/styles/chrome-nav.css	105	62	WHY	at most three lines; kept as written
app/styles/chrome-nav.css	121	132	WHY	at most three lines; kept as written
app/styles/chrome-nav.css	137	100	WHY	at most three lines; kept as written
app/styles/katex-overrides.css	1	1168	WHY	the two-owner split, the build requirement and the no-colour rule kept
app/styles/katex-overrides.css	23	1127	WHY	scroll, overflow-y, focus and margin whys kept
app/styles/motion-print.css	1	81	WHY	at most three lines; kept as written
app/styles/motion-print.css	21	320	WHY	trimmed
app/styles/motion-print.css	60	206	WHY	at most three lines; kept as written
app/styles/motion-print.css	71	72	WHY	at most three lines; kept as written
app/styles/motion-print.css	90	959	NUMBER	frame counts and durations are a dated measurement; check:browser asserts the null viewTransition; restored after Grok review 89352d6
app/styles/page-shell.css	1	63	WHY	stale line pointer (app.css:1885 does not exist) replaced by the rule itself
app/styles/page-shell.css	12	167	WHY	at most three lines; kept as written
app/styles/page-shell.css	36	75	WHY	at most three lines; kept as written
app/styles/page-shell.css	42	290	WHY	trimmed
app/styles/palette-dialog.css	10	119	WHY	at most three lines; kept as written
app/styles/palette-dialog.css	16	176	WHY	history of two spellings moved
app/styles/palette-dialog.css	55	406	WHY	trimmed
app/styles/playground.css	1	63	WHY	stale line pointer (app.css:1885 does not exist) replaced by the rule itself
app/styles/playground.css	3	334	WHY	trimmed
app/styles/playground.css	33	105	WHY	at most three lines; kept as written
app/styles/playground.css	69	42	WHY	at most three lines; kept as written
app/styles/playground.css	112	157	WHY	at most three lines; kept as written
app/styles/playground.css	121	160	WHY	at most three lines; kept as written
app/styles/playground.css	154	138	WHY	at most three lines; kept as written
app/styles/playground.css	188	80	WHY	at most three lines; kept as written
app/styles/playground.css	211	207	NUMBER	the overflow measurement has no gate; the why stays
app/styles/playground.css	242	184	WHY	at most three lines; kept as written
app/styles/playground.css	254	219	WHY	at most three lines; kept as written
app/styles/playground.css	268	176	WHY	at most three lines; kept as written
app/styles/playground.css	279	116	WHY	at most three lines; kept as written
app/styles/post-enhancements.css	40	648	WHY	trimmed; the audit tier note moved
app/styles/post-enhancements.css	93	329	WHY	trimmed
app/styles/post-enhancements.css	132	346	WHY	top-layer reason kept; the date moved
app/styles/post-enhancements.css	148	173	WHY	at most three lines; kept as written
app/styles/post-enhancements.css	163	300	WHY	trimmed
app/styles/post-enhancements.css	186	58	WHY	at most three lines; kept as written
app/styles/post-enhancements.css	214	363	WHY	trimmed
app/styles/post-enhancements.css	245	113	WHY	at most three lines; kept as written
app/styles/post-enhancements.css	258	140	WHY	at most three lines; kept as written
app/styles/post-shell.css	1	63	WHY	stale line pointer (app.css:1885 does not exist) replaced by the rule itself
app/styles/post-shell.css	46	296	WHY	measured sizes and audit note moved
app/styles/post-shell.css	70	165	WHY	at most three lines; kept as written
app/styles/post-shell.css	80	159	WHY	at most three lines; kept as written
app/styles/post-shell.css	94	105	WHY	at most three lines; kept as written
app/styles/post-shell.css	104	129	WHY	at most three lines; kept as written
app/styles/post-shell.css	128	135	WHY	at most three lines; kept as written
app/styles/post-shell.css	134	171	WHY	at most three lines; kept as written
app/styles/projects.css	1	63	WHY	stale line pointer (app.css:1885 does not exist) replaced by the rule itself
app/styles/projects.css	3	651	WHY	the start-alignment reason kept; the ruling date moved
app/styles/projects.css	31	148	WHY	at most three lines; kept as written
app/styles/projects.css	54	135	WHY	at most three lines; kept as written
app/styles/projects.css	80	274	WHY	trimmed
app/styles/projects.css	107	142	WHY	at most three lines; kept as written
app/styles/projects.css	140	157	WHY	at most three lines; kept as written
app/styles/projects.css	150	336	WHY	trimmed
app/styles/projects.css	165	189	WHY	at most three lines; kept as written
app/styles/projects.css	173	196	WHY	at most three lines; kept as written
app/styles/projects.css	185	127	WHY	at most three lines; kept as written
app/styles/projects.css	198	156	WHY	at most three lines; kept as written
app/styles/prose.css	55	671	WHY	trimmed
app/styles/prose.css	72	484	WHY	trimmed
app/styles/prose.css	100	457	WHY	the no-opacity rule kept; the dated composite ratios moved
app/styles/prose.css	113	469	WHY	trimmed
app/styles/prose.css	125	54	WHY	at most three lines; kept as written
app/styles/prose.css	141	196	WHY	at most three lines; kept as written
app/styles/prose.css	158	800	WHY	trimmed
app/styles/prose.css	230	482	WHY	the anywhere-not-break-word rule kept; the CI finding moved
app/styles/prose.css	240	441	WHY	trimmed
app/styles/prose.css	254	141	WHY	at most three lines; kept as written
app/styles/prose.css	259	224	WHY	at most three lines; kept as written
app/styles/prose.css	263	212	WHY	at most three lines; kept as written
app/styles/prose.css	267	154	WHY	at most three lines; kept as written
app/styles/prose.css	273	488	WHY	trimmed
app/styles/prose.css	290	137	WHY	at most three lines; kept as written
app/styles/prose.css	299	42	WHY	at most three lines; kept as written
app/styles/prose.css	308	76	WHY	at most three lines; kept as written
app/styles/prose.css	309	252	WHY	trimmed
app/styles/prose.css	314	148	WHY	at most three lines; kept as written
app/styles/prose.css	316	295	WHY	measured size moved
app/styles/prose.css	330	594	WHY	the no-partial-opacity rule kept; the old values and date moved
app/styles/prose.css	353	724	WHY	trimmed
app/styles/prose.css	369	220	WHY	at most three lines; kept as written
app/styles/prose.css	376	380	WHY	trimmed
app/styles/public-chrome.css	1	63	WHY	stale line pointer (app.css:1885 does not exist) replaced by the rule itself
app/styles/public-chrome.css	3	428	WHY	seam and scope rules kept; the provisional-review provenance and ratios moved
app/styles/public-chrome.css	10	524	WHY	the wrap rule on both elements kept; the overflow measurement moved
app/styles/public-chrome.css	26	121	WHY	at most three lines; kept as written
app/styles/public-chrome.css	33	220	WHY	at most three lines; kept as written
app/styles/public-chrome.css	40	821	WHY	the identity exemption, specificity and the do-not-simplify prohibition kept verbatim; ruling date and ratios moved; restored after Grok review 89352d6
app/styles/public-chrome.css	66	143	WHY	at most three lines; kept as written
app/styles/public-chrome.css	72	153	WHY	at most three lines; kept as written
app/styles/publications.css	1	742	WHY	the separate-sheet reason kept; the restore provenance moved
app/styles/publications.css	13	133	WHY	at most three lines; kept as written
app/styles/publications.css	32	74	WHY	at most three lines; kept as written
app/styles/publications.css	38	154	WHY	at most three lines; kept as written
app/styles/publications.css	57	266	WHY	trimmed
app/styles/publications.css	169	194	WHY	at most three lines; kept as written
app/styles/publications.css	201	147	WHY	at most three lines; kept as written
app/styles/publications.css	207	248	WHY	date moved
app/styles/publications.css	218	149	WHY	the corpus figure moved
app/styles/publications.css	275	142	WHY	at most three lines; kept as written
app/styles/publications.css	285	230	WHY	the entry count moved
app/styles/publications.css	315	222	WHY	at most three lines; kept as written
app/styles/publications.css	326	185	WHY	at most three lines; kept as written
app/styles/publications.css	340	429	WHY	the tense-bound state claim removed
app/styles/reset.css	1	1173	WHY	the reset's role and the @layer prohibition kept (Grok's restored point); vendoring census moved
app/styles/reset.css	174	173	WHY	vendored note compressed to one line
app/styles/reset.css	237	395	WHY	trimmed
app/styles/reset.css	247	535	WHY	the one-edit note kept; the post.css history moved
app/styles/search-page.css	116	145	WHY	at most three lines; kept as written
app/styles/search-trigger.css	1	63	WHY	at most three lines; kept as written
app/styles/search-trigger.css	3	162	WHY	at most three lines; kept as written
app/styles/search-trigger.css	7	670	WHY	trimmed; the ruling date moved
app/styles/shell.css	1	565	WHY	the bar-padding prohibition kept (Grok's restored point); dated removals moved
app/styles/shell.css	10	650	WHY	the .tracks-not-.page rule kept; the canvas sentinel and date moved
app/styles/shell.css	26	372	WHY	the prohibition kept; the check:browser measurement moved
app/styles/shell.css	48	338	WHY	trimmed
app/styles/shell.css	76	166	WHY	at most three lines; kept as written
app/styles/skip-link.css	1	63	WHY	stale line pointer (app.css:1885 does not exist) replaced by the rule itself
app/styles/skip-link.css	3	209	WHY	phase label moved
app/styles/skip-link.css	7	452	WHY	trimmed
app/styles/skip-link.css	25	191	WHY	ratio moved
